Product Name,Price
[OLXmobbi] Honda CR-V 2.4 RM3 Bensin-AT 2013 BJJ,Rp 186.000.000
TDP 12JT [OLXmobbi] Daihatsu Xenia 1.3 R ADS Bensin-MT 2022 Silver,Rp 182.000.000
[OLXmobbi] Honda Jazz 1.5 RS Bensin-AT 2019 Merah,Rp 232.000.000
Promo DP5JT Xpander CROSS 2019 AT HITAM,Rp 215.000.000
Toyota Veloz Q TSS 2022 Good Condition,Rp 260.000.000
Toyota Fortuner 2.4 VRZ 4x2 Diesel AT 2016 Hitam Metalik KM 60rban,Rp 340.000.000
Sewa rental mobil Hiace luxury Hiace premio fortuner Inova Alphard,Rp 1.000.000
Toyota Vios E AT 2014 low km 80 rb,Rp 105.000.000
SIENTA Q AT tahun 2017,Rp 180.000.000
Toyota Kijang Innova Zenix 2.0 V CVT Bensin AT 2023,Rp 415.000.000
LIKE NEW TOYOTA INNOVA G REBORN 2021,Rp 305.000.000
Odo20k Cabriolet Tdp=15jt SLK300 Grand Edition V6 2010 SLK 300 V6 2010,Rp 395.000.000
Suzuki Jimny 5 Doors 2 tone AT 2023,Rp 567.000.000
Mercy C200 cgi aventgrade at 2014,Rp 245.000.000
Mercedes Benz GLS400 AMG 2019 Mercy GLS 400 GLE400 GLE Exclusive 2018,Rp 1.020.000.000
Kia Picanto 1.2 SE Manual,Rp 79.500.000
Harga cash Toyota Alphard 2.4 SC Premium Sound 2011 Pilot Seat,Rp 248.000.000
Toyota fortuner VRZ 2.4 diesel at 2019 hitam,Rp 369.000.000
[OLXmobbi] Honda City 1.5 E Bensin-AT 2018 Putih,Rp 199.000.000
[OLXmobbi] Toyota Avanza 1.5 New Veloz Q CVT TSS Bensin-AT 2023 Putih,Rp 290.000.000
[OLXmobbi] Daihatsu Ayla 1.0 X Bensin-MT 2020 Hitam,Rp 97.000.000
[OLXmobbi] DAIHATSU 1.0 X MT 2016 PIA,Rp 80.000.000
GOOD DEAL! LIKE NEW! Mercedes Benz C300 AMG 2023 Mercy 2022 C 300 C200,Rp 960.000.000
[Dp Murah] Toyota Rush 1.5 TRD Sportivo SUV AT 2018 Hitam,Rp 199.000.000
[km 36rb] Mercy E300 AVG 2011,Rp 315.000.000
TDP50JT TOYOTA ALPHARD G ATPM 2016 / 2017 HITAM,Rp 650.000.000
Honda CR-V 1.5 L TURBO A/T PRESTIGE 2021,Rp 475.000.000
Hyundai H-1 2.5 royale diesel AT 2017,Rp 318.000.000
NISSAN SERENA HWS AUTECH PANORAMIC 2.0 AT 2016,Rp 198.000.000
Mazda CX-5 2.5 GT 2014 Hitam Mulus Terawat Siap Pake CX5,Rp 200.000.000
MERCEDES BENZ S400L 2015 BLACK ON BROWN,Rp 875.000.000
Mercedes-Benz AMG 2017,Rp 599.000.000
Toyota GR 86 [ 10 Aniversary ] 2022 orange,Rp 837.000.000
Suzuki Splash 2013 Bensin,Rp 94.000.000
Suzuki Splash 2013 Bensin,Rp 94.000.000
(Pajak Baru 04-2025) Toyota Innova 2.0 V A/T 2016 Bensin,Rp 235.000.000
Mercedes Benz GLA200 AMG 2019 NIK 2018 GLA 200 non GLC200 X1 2017,Rp 470.000.000
[OLXmobbi] Daihatsu Sirion 1.3 D FMC Bensin AT 2017 FK,Rp 120.000.000
[OLXmobbi] Honda Brio 1.2 E AT 2014 EMU,Rp 99.000.000
[OLXmobbi] Honda Brio Satya 1.2 S MT 2018 ZMN,Rp 120.000.000
[OLXmobbi] Daihatsu Gran max 1.3 BV MT 2017 Putih TBI,Rp 87.000.000
Honda JAZZ -S 2014 KM 68rb ORIMulus Terawat,Rp 146.500.000
Toyota kijang inova bensin g at 2018,Rp 245.000.000
Km.17rb Toyota Vellfire 2.5 G ATPM TSS Facelift AT 2022 Black On Black,Rp 1.099.000.000
Toyota Innova 2.0 V AT 2018 FullOriginal SepertiBaru Gresssss Istimewa,Rp 238.000.000
Honda HR-V 2017 Bensin,Rp 189.000.000
[IGNIS GX - TDP 8JUTA] MATIC 2017 KM LOW PJK NOV'24 - CEPAT DAPAT!,Rp 118.000.000
Good condition Honda Crv 2.4 At 2012,Rp 166.000.000
Renault KWID 2019 Bensin,Rp 100.000.000
Peugeot 3008 1.6 GT Line 2019 Hitam KM 50rbuan TGN Pertama,Rp 430.000.000
[ DP 15juta ] Mazda 6 Sunroof 2013 Full Rawatan  #aokb,Rp 198.000.000
Toyota kijang innova G 2.4 diesel 2022 hitam,Rp 359.000.000
Toyota C-HR 1.8 2018 CHR,Rp 285.000.000
Toyota Altis V 2022 non G 2023 Camry 2021 Hybrid 2020 Civic Accord,Rp 361.000.000
Suzuki Baleno HB Matic 2020 Termurah Dp9JT,Rp 179.000.000
Rush 1.5 S TRD Sportivo AT 2020 TDP20jt Toyota Rush Matic Automatic,Rp 205.000.000
[OLXmobbi] Daihatsu Xenia 1.3 R Deluxe Bensin-MT 2014 Silver KGW,Rp 115.000.000
[OLXmobbi] Daihatsu Sirion 1.3 D Bensin-AT 2016 Putih ZGZ,Rp 115.000.000
[OLXmobbi] Daihatsu Sigra 1.2 X Deluxe Bensin-MT 2021 Silver POE,Rp 119.000.000
[OLXmobbi] Daihatsu Luxio 1.5 D Bensin-MT 2019 Abu BYR,Rp 130.000.000
